alias roza Roza Tapini <tapini@travelplanet24.com>
alias zaroubi George Zaroubi <gzaroubi@tripsta.com>
alias effie effie mouzeli <emouzeli@travelplanet24.com>
alias baltas Dimitris Baltas <dbaltas@travelplanet24.gr>
alias koukoumtzis Kostas Koukoumtzis <kkoukoumtzis@travelplanet24.gr>
alias katsanikakis Dimitris Katsanikakis <dkatsanikakis@travelplanet24.com>
